{"v":"5.5.5","fr":30,"ip":0,"op":140,"w":97,"h":97,"nm":"Play-V2","ddd":0,"assets":[],"layers":[{"ddd":0,"ind":1,"ty":4,"nm":"Play 2","sr":1,"ks":{"o":{"a":0,"k":100,"ix":11},"r":{"a":1,"k":[{"i":{"x":[0],"y":[0.994]},"o":{"x":[0.333],"y":[0]},"t":11,"s":[0]},{"i":{"x":[0],"y":[2.356]},"o":{"x":[0.167],"y":[0]},"t":25,"s":[-60]},{"i":{"x":[0.343],"y":[1.026]},"o":{"x":[0.167],"y":[0]},"t":82,"s":[-60]},{"i":{"x":[0],"y":[0.822]},"o":{"x":[0.167],"y":[0]},"t":100,"s":[17]},{"t":114,"s":[0]}],"ix":10},"p":{"a":1,"k":[{"i":{"x":0.667,"y":1},"o":{"x":0.333,"y":0},"t":11,"s":[51.25,48.5,0],"to":[0,-0.292,0],"ti":[0,0.292,0]},{"i":{"x":0.667,"y":0.667},"o":{"x":0.333,"y":0.333},"t":25,"s":[51.25,46.75,0],"to":[0,0,0],"ti":[0,0,0]},{"i":{"x":0.667,"y":1},"o":{"x":0.333,"y":0},"t":82,"s":[51.25,46.75,0],"to":[0,0.292,0],"ti":[0,-0.292,0]},{"t":100,"s":[51.25,48.5,0]}],"ix":2},"a":{"a":0,"k":[48.5,48.5,0],"ix":1},"s":{"a":1,"k":[{"i":{"x":[0,0,0.667],"y":[1.003,1.003,1]},"o":{"x":[0.333,0.333,0.333],"y":[0,0,0]},"t":11,"s":[100,100,100]},{"i":{"x":[0,0,0.667],"y":[1,1,1]},"o":{"x":[0.333,0.333,0.333],"y":[0,0,0]},"t":25,"s":[122,122,100]},{"i":{"x":[0.667,0.667,0.667],"y":[1,1,1]},"o":{"x":[0.333,0.333,0.333],"y":[0,0,0]},"t":82,"s":[122,122,100]},{"t":100,"s":[100,100,100]}],"ix":6}},"ao":0,"shapes":[{"ty":"gr","it":[{"ind":0,"ty":"sh","ix":1,"ks":{"a":0,"k":{"i":[[0.879,0.684],[0,0],[0.782,-0.587],[0,-0.782],[0,0],[-0.881,-0.685],[-0.587,0],[-0.099,0.195],[0,0],[0,0.978]],"o":[[0,0],[-0.88,-0.587],[-0.881,0.587],[0,0],[0,0.978],[0.489,0.292],[0.782,0],[0,0],[0.879,-0.587],[0,-1.173]],"v":[[14.127,-2.395],[-9.535,-16.573],[-12.273,-16.573],[-13.643,-14.03],[-13.643,14.325],[-12.273,16.867],[-10.904,17.159],[-9.633,16.965],[14.127,2.689],[15.495,0.245]],"c":true},"ix":2},"nm":"Trazado 2","mn":"ADBE Vector Shape - Group","hd":false},{"ty":"mm","mm":1,"nm":"Combinar trazados 1","mn":"ADBE Vector Filter - Merge","hd":false},{"ty":"tr","p":{"a":1,"k":[{"i":{"x":0,"y":1},"o":{"x":0.333,"y":0},"t":14,"s":[48.199,48.05],"to":[-0.583,-0.167],"ti":[0.583,0.167]},{"i":{"x":0,"y":0},"o":{"x":0.167,"y":0.167},"t":33,"s":[44.699,47.05],"to":[0,0],"ti":[0,0]},{"i":{"x":0.667,"y":1},"o":{"x":0.167,"y":0},"t":80,"s":[44.699,47.05],"to":[0.583,0.167],"ti":[-0.583,-0.167]},{"t":90,"s":[48.199,48.05]}],"ix":2},"a":{"a":0,"k":[0,0],"ix":1},"s":{"a":0,"k":[81,81],"ix":3},"r":{"a":1,"k":[{"i":{"x":[0],"y":[0.989]},"o":{"x":[0.333],"y":[0]},"t":14,"s":[0]},{"i":{"x":[0.302],"y":[1.106]},"o":{"x":[1],"y":[-0.077]},"t":33,"s":[-192]},{"i":{"x":[0.833],"y":[0.968]},"o":{"x":[0.167],"y":[0]},"t":44,"s":[-170]},{"i":{"x":[0.833],"y":[1]},"o":{"x":[0.167],"y":[-1.343]},"t":51,"s":[-180]},{"i":{"x":[0.667],"y":[1]},"o":{"x":[0.167],"y":[0.167]},"t":80,"s":[-180]},{"t":90,"s":[0]}],"ix":6},"o":{"a":0,"k":0,"ix":7},"sk":{"a":0,"k":0,"ix":4},"sa":{"a":0,"k":0,"ix":5},"nm":"Transformar"}],"nm":"Grupo 10","np":3,"cix":2,"bm":0,"ix":1,"mn":"ADBE Vector Group","hd":false},{"ty":"gr","it":[{"ind":0,"ty":"sh","ix":1,"ks":{"a":0,"k":{"i":[[0.879,0.684],[0,0],[0.782,-0.587],[0,-0.782],[0,0],[-0.881,-0.685],[-0.587,0],[-0.099,0.195],[0,0],[0,0.978]],"o":[[0,0],[-0.88,-0.587],[-0.881,0.587],[0,0],[0,0.978],[0.489,0.292],[0.782,0],[0,0],[0.879,-0.587],[0,-1.173]],"v":[[14.127,-2.395],[-9.535,-16.573],[-12.273,-16.573],[-13.643,-14.03],[-13.643,14.325],[-12.273,16.867],[-10.904,17.159],[-9.633,16.965],[14.127,2.689],[15.495,0.245]],"c":true},"ix":2},"nm":"Trazado 2","mn":"ADBE Vector Shape - Group","hd":false},{"ty":"mm","mm":1,"nm":"Combinar trazados 1","mn":"ADBE Vector Filter - Merge","hd":false},{"ty":"tr","p":{"a":0,"k":[48.199,48.05],"ix":2},"a":{"a":0,"k":[0,0],"ix":1},"s":{"a":0,"k":[81,81],"ix":3},"r":{"a":0,"k":0,"ix":6},"o":{"a":0,"k":100,"ix":7},"sk":{"a":0,"k":0,"ix":4},"sa":{"a":0,"k":0,"ix":5},"nm":"Transformar"}],"nm":"Grupo 9","np":3,"cix":2,"bm":0,"ix":2,"mn":"ADBE Vector Group","hd":false},{"ty":"tm","s":{"a":1,"k":[{"i":{"x":[0.833],"y":[0.833]},"o":{"x":[0.167],"y":[0.167]},"t":1,"s":[0]},{"i":{"x":[0.667],"y":[1]},"o":{"x":[0.167],"y":[0]},"t":11,"s":[70]},{"i":{"x":[0.667],"y":[1]},"o":{"x":[0.333],"y":[0]},"t":87,"s":[70]},{"t":99,"s":[0]}],"ix":1},"e":{"a":1,"k":[{"i":{"x":[0.833],"y":[0.833]},"o":{"x":[0.167],"y":[0.167]},"t":1,"s":[100]},{"i":{"x":[0.667],"y":[1]},"o":{"x":[0.167],"y":[0]},"t":11,"s":[94]},{"i":{"x":[0.667],"y":[1]},"o":{"x":[0.333],"y":[0]},"t":87,"s":[94]},{"t":99,"s":[100]}],"ix":2},"o":{"a":0,"k":0,"ix":3},"m":1,"ix":3,"nm":"Recortar trazados 1","mn":"ADBE Vector Filter - Trim","hd":false},{"ty":"st","c":{"a":0,"k":[1,0.267002360026,0.267002360026,1],"ix":3},"o":{"a":0,"k":100,"ix":4},"w":{"a":0,"k":7,"ix":5},"lc":2,"lj":2,"bm":0,"nm":"Trazo 1","mn":"ADBE Vector Graphic - Stroke","hd":false}],"ip":0,"op":140,"st":0,"bm":0},{"ddd":0,"ind":3,"ty":4,"nm":"Capa de formas 3","sr":1,"ks":{"o":{"a":0,"k":100,"ix":11},"r":{"a":0,"k":0,"ix":10},"p":{"a":0,"k":[48.5,48.5,0],"ix":2},"a":{"a":0,"k":[0,0,0],"ix":1},"s":{"a":0,"k":[100,100,100],"ix":6}},"ao":0,"shapes":[{"ty":"gr","it":[{"d":1,"ty":"el","s":{"a":0,"k":[97,97],"ix":2},"p":{"a":0,"k":[0,0],"ix":3},"nm":"Trazado elíptico 1","mn":"ADBE Vector Shape - Ellipse","hd":false},{"ty":"tm","s":{"a":1,"k":[{"i":{"x":[0],"y":[0.933]},"o":{"x":[0.333],"y":[0]},"t":66,"s":[100]},{"t":90,"s":[50]}],"ix":1},"e":{"a":0,"k":100,"ix":2},"o":{"a":1,"k":[{"i":{"x":[0],"y":[1.016]},"o":{"x":[0.333],"y":[0]},"t":66,"s":[-360]},{"t":96,"s":[180]}],"ix":3},"m":1,"ix":2,"nm":"Recortar trazados 1","mn":"ADBE Vector Filter - Trim","hd":false},{"ty":"st","c":{"a":0,"k":[1,1,1,1],"ix":3},"o":{"a":0,"k":100,"ix":4},"w":{"a":0,"k":8,"ix":5},"lc":2,"lj":1,"ml":4,"bm":0,"nm":"Trazo 1","mn":"ADBE Vector Graphic - Stroke","hd":false},{"ty":"tr","p":{"a":0,"k":[0,0],"ix":2},"a":{"a":0,"k":[0,0],"ix":1},"s":{"a":0,"k":[93,93],"ix":3},"r":{"a":0,"k":0,"ix":6},"o":{"a":0,"k":100,"ix":7},"sk":{"a":0,"k":0,"ix":4},"sa":{"a":0,"k":0,"ix":5},"nm":"Transformar"}],"nm":"Elipse 1","np":4,"cix":2,"bm":0,"ix":1,"mn":"ADBE Vector Group","hd":false}],"ip":66,"op":160,"st":20,"bm":0},{"ddd":0,"ind":4,"ty":4,"nm":"Capa de formas 1","sr":1,"ks":{"o":{"a":1,"k":[{"i":{"x":[0.833],"y":[0.833]},"o":{"x":[0.167],"y":[0.167]},"t":92,"s":[100]},{"t":94,"s":[0]}],"ix":11},"r":{"a":0,"k":0,"ix":10},"p":{"a":0,"k":[48.5,48.5,0],"ix":2},"a":{"a":0,"k":[0,0,0],"ix":1},"s":{"a":0,"k":[100,100,100],"ix":6}},"ao":0,"shapes":[{"ty":"gr","it":[{"d":1,"ty":"el","s":{"a":0,"k":[97,97],"ix":2},"p":{"a":0,"k":[0,0],"ix":3},"nm":"Trazado elíptico 1","mn":"ADBE Vector Shape - Ellipse","hd":false},{"ty":"tm","s":{"a":1,"k":[{"i":{"x":[0],"y":[1.067]},"o":{"x":[0.333],"y":[0]},"t":67,"s":[0]},{"t":91,"s":[50]}],"ix":1},"e":{"a":1,"k":[{"i":{"x":[0],"y":[1.008]},"o":{"x":[0.333],"y":[0]},"t":1,"s":[0]},{"t":34,"s":[100]}],"ix":2},"o":{"a":1,"k":[{"i":{"x":[0],"y":[1.047]},"o":{"x":[0.333],"y":[0]},"t":67,"s":[0]},{"t":97,"s":[180]}],"ix":3},"m":1,"ix":2,"nm":"Recortar trazados 1","mn":"ADBE Vector Filter - Trim","hd":false},{"ty":"st","c":{"a":0,"k":[1,0.267002360026,0.267002360026,1],"ix":3},"o":{"a":0,"k":100,"ix":4},"w":{"a":0,"k":8,"ix":5},"lc":2,"lj":1,"ml":4,"bm":0,"nm":"Trazo 1","mn":"ADBE Vector Graphic - Stroke","hd":false},{"ty":"tr","p":{"a":0,"k":[0,0],"ix":2},"a":{"a":0,"k":[0,0],"ix":1},"s":{"a":0,"k":[93,93],"ix":3},"r":{"a":0,"k":0,"ix":6},"o":{"a":0,"k":100,"ix":7},"sk":{"a":0,"k":0,"ix":4},"sa":{"a":0,"k":0,"ix":5},"nm":"Transformar"}],"nm":"Elipse 1","np":4,"cix":2,"bm":0,"ix":1,"mn":"ADBE Vector Group","hd":false}],"ip":1,"op":141,"st":1,"bm":0},{"ddd":0,"ind":5,"ty":4,"nm":"Capa de formas 2","sr":1,"ks":{"o":{"a":1,"k":[{"i":{"x":[0.833],"y":[0.833]},"o":{"x":[0.167],"y":[0.167]},"t":25,"s":[100]},{"t":27,"s":[0]}],"ix":11},"r":{"a":0,"k":0,"ix":10},"p":{"a":0,"k":[48.5,48.5,0],"ix":2},"a":{"a":0,"k":[0,0,0],"ix":1},"s":{"a":0,"k":[100,100,100],"ix":6}},"ao":0,"shapes":[{"ty":"gr","it":[{"d":1,"ty":"el","s":{"a":0,"k":[97,97],"ix":2},"p":{"a":0,"k":[0,0],"ix":3},"nm":"Trazado elíptico 1","mn":"ADBE Vector Shape - Ellipse","hd":false},{"ty":"tm","s":{"a":1,"k":[{"i":{"x":[0],"y":[1.067]},"o":{"x":[0.333],"y":[0]},"t":66,"s":[0]},{"t":90,"s":[50]}],"ix":1},"e":{"a":1,"k":[{"i":{"x":[0],"y":[1.017]},"o":{"x":[0.333],"y":[0]},"t":0,"s":[50]},{"t":33,"s":[100]}],"ix":2},"o":{"a":1,"k":[{"i":{"x":[0],"y":[1.047]},"o":{"x":[0.333],"y":[0]},"t":66,"s":[0]},{"t":96,"s":[180]}],"ix":3},"m":1,"ix":2,"nm":"Recortar trazados 1","mn":"ADBE Vector Filter - Trim","hd":false},{"ty":"st","c":{"a":0,"k":[1,1,1,1],"ix":3},"o":{"a":0,"k":100,"ix":4},"w":{"a":0,"k":8,"ix":5},"lc":2,"lj":1,"ml":4,"bm":0,"nm":"Trazo 1","mn":"ADBE Vector Graphic - Stroke","hd":false},{"ty":"tr","p":{"a":0,"k":[0,0],"ix":2},"a":{"a":0,"k":[0,0],"ix":1},"s":{"a":0,"k":[93,93],"ix":3},"r":{"a":0,"k":0,"ix":6},"o":{"a":0,"k":100,"ix":7},"sk":{"a":0,"k":0,"ix":4},"sa":{"a":0,"k":0,"ix":5},"nm":"Transformar"}],"nm":"Elipse 1","np":4,"cix":2,"bm":0,"ix":1,"mn":"ADBE Vector Group","hd":false}],"ip":0,"op":140,"st":0,"bm":0},{"ddd":0,"ind":6,"ty":3,"nm":"Nulo 1","sr":1,"ks":{"o":{"a":0,"k":0,"ix":11},"r":{"a":1,"k":[{"i":{"x":[0.23],"y":[0.976]},"o":{"x":[0.333],"y":[0]},"t":0,"s":[0]},{"i":{"x":[0.667],"y":[1]},"o":{"x":[0.333],"y":[0]},"t":33,"s":[180]},{"i":{"x":[0],"y":[1.028]},"o":{"x":[0.333],"y":[0]},"t":66,"s":[180]},{"t":104,"s":[360]}],"ix":10},"p":{"a":0,"k":[48.5,48.5,0],"ix":2},"a":{"a":0,"k":[0,0,0],"ix":1},"s":{"a":0,"k":[100,100,100],"ix":6}},"ao":0,"ip":0,"op":140,"st":0,"bm":0},{"ddd":0,"ind":7,"ty":4,"nm":"Puntos","parent":6,"sr":1,"ks":{"o":{"a":0,"k":100,"ix":11},"r":{"a":0,"k":0,"ix":10},"p":{"a":0,"k":[0,0,0],"ix":2},"a":{"a":0,"k":[48.5,48.5,0],"ix":1},"s":{"a":0,"k":[100,100,100],"ix":6}},"ao":0,"shapes":[{"ty":"gr","it":[{"ind":0,"ty":"sh","ix":1,"ks":{"a":0,"k":{"i":[[1.1,-1.1],[0,-0.7],[-0.5,-0.6],[-0.8,0],[-0.6,0.7],[1.1,1.1]],"o":[[-0.5,0.5],[0,0.7],[0.6,0.6],[0.8,0],[0.8,-1.1],[-1.2,-1.1]],"v":[[-2.15,-1.85],[-2.95,0.15],[-2.15,2.15],[-0.15,2.95],[1.85,2.05],[1.85,-1.85]],"c":true},"ix":2},"nm":"Trazado 1","mn":"ADBE Vector Shape - Group","hd":false},{"ty":"fl","c":{"a":0,"k":[1,0.999969482422,0.999984741211,1],"ix":4},"o":{"a":0,"k":100,"ix":5},"r":1,"bm":0,"nm":"Relleno 1","mn":"ADBE Vector Graphic - Fill","hd":false},{"ty":"tr","p":{"a":0,"k":[16.95,15.75],"ix":2},"a":{"a":0,"k":[0,0],"ix":1},"s":{"a":0,"k":[100,100],"ix":3},"r":{"a":0,"k":0,"ix":6},"o":{"a":0,"k":100,"ix":7},"sk":{"a":0,"k":0,"ix":4},"sa":{"a":0,"k":0,"ix":5},"nm":"Transformar"}],"nm":"Grupo 1","np":2,"cix":2,"bm":0,"ix":1,"mn":"ADBE Vector Group","hd":false},{"ty":"gr","it":[{"ind":0,"ty":"sh","ix":1,"ks":{"a":0,"k":{"i":[[0,1.5],[1.5,0],[0,-1.6],[-1.5,0]],"o":[[0,-1.6],[-1.5,0],[0,1.6],[1.5,0]],"v":[[2.85,0],[0.05,-2.8],[-2.85,0],[-0.05,2.8]],"c":true},"ix":2},"nm":"Trazado 1","mn":"ADBE Vector Shape - Group","hd":false},{"ty":"fl","c":{"a":0,"k":[1,0.999969482422,0.999984741211,1],"ix":4},"o":{"a":0,"k":100,"ix":5},"r":1,"bm":0,"nm":"Relleno 1","mn":"ADBE Vector Graphic - Fill","hd":false},{"ty":"tr","p":{"a":0,"k":[2.85,48.2],"ix":2},"a":{"a":0,"k":[0,0],"ix":1},"s":{"a":0,"k":[100,100],"ix":3},"r":{"a":0,"k":0,"ix":6},"o":{"a":0,"k":100,"ix":7},"sk":{"a":0,"k":0,"ix":4},"sa":{"a":0,"k":0,"ix":5},"nm":"Transformar"}],"nm":"Grupo 2","np":2,"cix":2,"bm":0,"ix":2,"mn":"ADBE Vector Group","hd":false},{"ty":"gr","it":[{"ind":0,"ty":"sh","ix":1,"ks":{"a":0,"k":{"i":[[1.3,-0.5],[0.3,-0.7],[-0.3,-0.7],[-1.1,0],[-0.5,0.3],[-0.3,0.7],[0.3,0.7]],"o":[[-0.7,0.3],[-0.3,0.8],[0.6,1.1],[0.3,0],[0.7,-0.3],[0.3,-0.7],[-0.5,-1.2]],"v":[[-0.95,-2.45],[-2.55,-0.95],[-2.65,1.25],[-0.15,2.95],[0.95,2.65],[2.55,1.15],[2.65,-1.05]],"c":true},"ix":2},"nm":"Trazado 1","mn":"ADBE Vector Shape - Group","hd":false},{"ty":"fl","c":{"a":0,"k":[1,0.999969482422,0.999984741211,1],"ix":4},"o":{"a":0,"k":100,"ix":5},"r":1,"bm":0,"nm":"Relleno 1","mn":"ADBE Vector Graphic - Fill","hd":false},{"ty":"tr","p":{"a":0,"k":[31.65,5.75],"ix":2},"a":{"a":0,"k":[0,0],"ix":1},"s":{"a":0,"k":[100,100],"ix":3},"r":{"a":0,"k":0,"ix":6},"o":{"a":0,"k":100,"ix":7},"sk":{"a":0,"k":0,"ix":4},"sa":{"a":0,"k":0,"ix":5},"nm":"Transformar"}],"nm":"Grupo 3","np":2,"cix":2,"bm":0,"ix":3,"mn":"ADBE Vector Group","hd":false},{"ty":"gr","it":[{"ind":0,"ty":"sh","ix":1,"ks":{"a":0,"k":{"i":[[0.7,0.3],[0.7,-0.3],[0.3,-0.6],[-0.3,-0.7],[-0.6,-0.3],[0,0],[-0.6,0],[-0.3,1.1],[0.2,0.7]],"o":[[-0.7,-0.3],[-0.7,0.3],[-0.3,0.7],[0.3,0.7],[0,0],[0.2,0.2],[1.1,0],[0.3,-0.7],[-0.3,-0.8]],"v":[[1.15,-2.55],[-1.05,-2.55],[-2.55,-1.15],[-2.55,1.05],[-1.15,2.55],[-1.05,2.65],[0.05,2.85],[2.55,1.25],[2.65,-0.95]],"c":true},"ix":2},"nm":"Trazado 1","mn":"ADBE Vector Shape - Group","hd":false},{"ty":"fl","c":{"a":0,"k":[1,0.999969482422,0.999984741211,1],"ix":4},"o":{"a":0,"k":100,"ix":5},"r":1,"bm":0,"nm":"Relleno 1","mn":"ADBE Vector Graphic - Fill","hd":false},{"ty":"tr","p":{"a":0,"k":[6.45,30.65],"ix":2},"a":{"a":0,"k":[0,0],"ix":1},"s":{"a":0,"k":[100,100],"ix":3},"r":{"a":0,"k":0,"ix":6},"o":{"a":0,"k":100,"ix":7},"sk":{"a":0,"k":0,"ix":4},"sa":{"a":0,"k":0,"ix":5},"nm":"Transformar"}],"nm":"Grupo 4","np":2,"cix":2,"bm":0,"ix":4,"mn":"ADBE Vector Group","hd":false},{"ty":"gr","it":[{"ind":0,"ty":"sh","ix":1,"ks":{"a":0,"k":{"i":[[0.8,0.101],[0.6,-0.601],[-1.1,-1.2],[-0.6,0],[-0.6,0.599],[0,0.699],[0.5,0.5]],"o":[[-0.9,-0.1],[-1.1,1.099],[0.6,0.599],[0.8,0],[0.5,-0.5],[0,-0.7],[-0.4,-0.5]],"v":[[0.45,-2.751],[-1.85,-1.95],[-1.85,2.051],[0.15,2.85],[2.15,2.051],[2.95,0.05],[2.15,-1.851]],"c":true},"ix":2},"nm":"Trazado 1","mn":"ADBE Vector Shape - Group","hd":false},{"ty":"fl","c":{"a":0,"k":[1,0.999969482422,0.999984741211,1],"ix":4},"o":{"a":0,"k":100,"ix":5},"r":1,"bm":0,"nm":"Relleno 1","mn":"ADBE Vector Graphic - Fill","hd":false},{"ty":"tr","p":{"a":0,"k":[15.35,79.85],"ix":2},"a":{"a":0,"k":[0,0],"ix":1},"s":{"a":0,"k":[100,100],"ix":3},"r":{"a":0,"k":0,"ix":6},"o":{"a":0,"k":100,"ix":7},"sk":{"a":0,"k":0,"ix":4},"sa":{"a":0,"k":0,"ix":5},"nm":"Transformar"}],"nm":"Grupo 5","np":2,"cix":2,"bm":0,"ix":5,"mn":"ADBE Vector Group","hd":false},{"ty":"gr","it":[{"ind":0,"ty":"sh","ix":1,"ks":{"a":0,"k":{"i":[[0.7,0.2],[0,0],[0.6,-1.399],[-0.3,-0.599],[-0.7,-0.4],[0,0],[-0.2,-0.1],[-0.1,0],[-0.3,1.099],[0.2,0.7]],"o":[[0,0],[-1.5,-0.601],[-0.4,0.701],[0.2,0.701],[0,0],[0.2,0],[0.3,0.099],[1.1,0],[0.3,-0.7],[-0.2,-0.8]],"v":[[1.3,-2.399],[1.3,-2.399],[-2.4,-1],[-2.6,1],[-1.1,2.701],[-1,2.701],[-0.4,2.901],[0.1,3],[2.6,1.401],[2.7,-0.799]],"c":true},"ix":2},"nm":"Trazado 1","mn":"ADBE Vector Shape - Group","hd":false},{"ty":"fl","c":{"a":0,"k":[1,0.999969482422,0.999984741211,1],"ix":4},"o":{"a":0,"k":100,"ix":5},"r":1,"bm":0,"nm":"Relleno 1","mn":"ADBE Vector Graphic - Fill","hd":false},{"ty":"tr","p":{"a":0,"k":[30.5,90.099],"ix":2},"a":{"a":0,"k":[0,0],"ix":1},"s":{"a":0,"k":[100,100],"ix":3},"r":{"a":0,"k":0,"ix":6},"o":{"a":0,"k":100,"ix":7},"sk":{"a":0,"k":0,"ix":4},"sa":{"a":0,"k":0,"ix":5},"nm":"Transformar"}],"nm":"Grupo 6","np":2,"cix":2,"bm":0,"ix":6,"mn":"ADBE Vector Group","hd":false},{"ty":"gr","it":[{"ind":0,"ty":"sh","ix":1,"ks":{"a":0,"k":{"i":[[1.2,0],[0.3,-0.099],[-0.5,-1.3],[-1.2,0],[-0.5,0.3],[-0.3,0.7],[0.3,0.7]],"o":[[-0.3,0],[-1.4,0.6],[0.3,1.2],[0.3,0],[0.7,-0.3],[0.3,-0.7],[-0.4,-1]],"v":[[0,-2.9],[-0.9,-2.7],[-2.6,0.9],[0,2.9],[1.1,2.6],[2.7,1.1],[2.8,-1.1]],"c":true},"ix":2},"nm":"Trazado 1","mn":"ADBE Vector Shape - Group","hd":false},{"ty":"fl","c":{"a":0,"k":[1,0.999969482422,0.999984741211,1],"ix":4},"o":{"a":0,"k":100,"ix":5},"r":1,"bm":0,"nm":"Relleno 1","mn":"ADBE Vector Graphic - Fill","hd":false},{"ty":"tr","p":{"a":0,"k":[5.9,64.7],"ix":2},"a":{"a":0,"k":[0,0],"ix":1},"s":{"a":0,"k":[100,100],"ix":3},"r":{"a":0,"k":0,"ix":6},"o":{"a":0,"k":100,"ix":7},"sk":{"a":0,"k":0,"ix":4},"sa":{"a":0,"k":0,"ix":5},"nm":"Transformar"}],"nm":"Grupo 7","np":2,"cix":2,"bm":0,"ix":7,"mn":"ADBE Vector Group","hd":false}],"ip":0,"op":140,"st":0,"bm":0}],"markers":[{"tm":58,"cm":"pausa\r","dr":7}]}